kabkota,kode_prov,provinsi,pulau,tipe,beras,terigu,telur_ayam_ras,susu_kental,daging_ayam_ras,ikan_tongkol,kangkung,bayam,pisang,rokok_filter,gorengan,mie
Simeulue,11,Aceh,Sumatera,Kabupaten,1.806,0.007,1.7,0.034,0.017,0.258,0.07,0.014,0.063,10.138,1.469,0.321
Aceh Singkil,11,Aceh,Sumatera,Kabupaten,1.787,0.028,2.122,0.042,0.093,0.213,0.11,0.071,0.023,13.897,2.268,0.384
Aceh Selatan,11,Aceh,Sumatera,Kabupaten,1.791,0.022,1.672,0.037,0.056,0.253,0.076,0.045,0.034,13.161,2.548,0.519
Aceh Tenggara,11,Aceh,Sumatera,Kabupaten,1.765,0.021,1.69,0.019,0.115,0.082,0.072,0.059,0.04,14.658,3.053,0.372
Aceh Timur,11,Aceh,Sumatera,Kabupaten,1.666,0.022,1.454,0.028,0.083,0.17,0.065,0.052,0.031,15.686,2.994,0.573
Aceh Tengah,11,Aceh,Sumatera,Kabupaten,1.756,0.042,2.372,0.047,0.073,0.07,0.088,0.055,0.083,14.471,3.193,0.716
Aceh Barat,11,Aceh,Sumatera,Kabupaten,1.586,0.017,1.565,0.038,0.076,0.145,0.065,0.058,0.087,12.054,4.015,0.763
Aceh Besar,11,Aceh,Sumatera,Kabupaten,1.566,0.019,2.175,0.02,0.098,0.26,0.05,0.058,0.06,7.59,2.942,0.485
Pidie,11,Aceh,Sumatera,Kabupaten,1.836,0.015,1.621,0.011,0.056,0.188,0.047,0.053,0.037,6.67,3.106,0.697
Bireuen,11,Aceh,Sumatera,Kabupaten,1.553,0.019,1.722,0.01,0.06,0.244,0.069,0.049,0.067,7.521,2.943,0.636
Aceh Utara,11,Aceh,Sumatera,Kabupaten,1.458,0.023,1.296,0.026,0.09,0.161,0.05,0.052,0.04,6.705,2.116,0.603
Aceh Barat Daya,11,Aceh,Sumatera,Kabupaten,1.75,0.021,1.691,0.025,0.06,0.203,0.067,0.059,0.059,15.951,3.257,0.766
Gayo Lues,11,Aceh,Sumatera,Kabupaten,2.407,0.013,1.978,0.078,0.153,0.055,0.066,0.059,0.095,18.301,4.479,0.511
Aceh Tamiang,11,Aceh,Sumatera,Kabupaten,1.435,0.03,2.095,0.051,0.112,0.118,0.078,0.057,0.063,10.223,2.152,0.454
Nagan Raya,11,Aceh,Sumatera,Kabupaten,1.543,0.077,1.898,0.096,0.183,0.253,0.224,0.215,0.04,9.755,4.916,0.82
Aceh Jaya,11,Aceh,Sumatera,Kabupaten,1.784,0.013,2.043,0.029,0.091,0.15,0.082,0.047,0.092,12.3,3.656,0.617
Bener Meriah,11,Aceh,Sumatera,Kabupaten,1.868,0.057,2.512,0.053,0.164,0.117,0.112,0.086,0.076,19.741,4.838,0.713
Pidie Jaya,11,Aceh,Sumatera,Kabupaten,1.807,0.025,1.7,0.018,0.065,0.201,0.076,0.092,0.026,10.376,4.172,0.871
Kota Banda Aceh,11,Aceh,Sumatera,Kota,1.122,0.022,2.624,0.035,0.142,0.132,0.044,0.036,0.085,11.328,3.024,0.673
Kota Sabang,11,Aceh,Sumatera,Kota,1.491,0.023,2.424,0.037,0.125,0.23,0.072,0.066,0.098,12.071,3.153,0.687
Kota Langsa,11,Aceh,Sumatera,Kota,1.285,0.014,2.194,0.028,0.13,0.118,0.063,0.047,0.055,10.386,2.56,0.533
Kota Lhokseumawe,11,Aceh,Sumatera,Kota,1.379,0.016,2.267,0.025,0.108,0.246,0.059,0.052,0.07,7.987,3.06,0.637
Kota Subulussalam,11,Aceh,Sumatera,Kota,1.67,0.021,1.793,0.026,0.069,0.108,0.076,0.057,0.029,12.856,2.376,0.405
Nias,12,Sumatera Utara,Sumatera,Kabupaten,2.296,0.007,1.355,0.02,0.103,0.158,0.149,0.038,0.551,6.486,1.694,0.179
Mandailing Natal,12,Sumatera Utara,Sumatera,Kabupaten,2.097,0.008,1.707,0.019,0.095,0.066,0.069,0.051,0.056,14.004,3.752,0.349
Tapanuli Selatan,12,Sumatera Utara,Sumatera,Kabupaten,2.007,0.012,1.641,0.03,0.083,0.068,0.07,0.042,0.071,14.812,3.534,0.242
Tapanuli Tengah,12,Sumatera Utara,Sumatera,Kabupaten,1.92,0.008,1.475,0.044,0.061,0.122,0.062,0.036,0.114,12.236,2.328,0.305
Tapanuli Utara,12,Sumatera Utara,Sumatera,Kabupaten,1.997,0.014,1.956,0.026,0.086,0.07,0.034,0.045,0.103,15.489,1.843,0.28
Toba Samosir,12,Sumatera Utara,Sumatera,Kabupaten,1.956,0.012,1.723,0.03,0.103,0.054,0.052,0.087,0.16,12.501,2.568,0.854
Labuhan Batu,12,Sumatera Utara,Sumatera,Kabupaten,1.771,0.018,2.141,0.031,0.119,0.066,0.092,0.1,0.037,15.822,3.335,0.59
Asahan,12,Sumatera Utara,Sumatera,Kabupaten,1.467,0.038,2.077,0.065,0.106,0.097,0.071,0.063,0.113,15.612,3.279,0.462
Simalungun,12,Sumatera Utara,Sumatera,Kabupaten,1.581,0.027,1.756,0.057,0.092,0.041,0.077,0.071,0.075,12.524,2.788,0.479
Dairi,12,Sumatera Utara,Sumatera,Kabupaten,1.951,0.009,1.521,0.046,0.057,0.037,0.044,0.074,0.163,15.531,1.831,0.492
Karo,12,Sumatera Utara,Sumatera,Kabupaten,1.998,0.01,2.156,0.024,0.123,0.046,0.09,0.083,0.073,18.158,3.25,0.435
Deli Serdang,12,Sumatera Utara,Sumatera,Kabupaten,1.528,0.028,2.467,0.06,0.149,0.069,0.101,0.091,0.1,11.938,2.441,0.449
Langkat,12,Sumatera Utara,Sumatera,Kabupaten,1.554,0.037,1.887,0.049,0.111,0.069,0.093,0.058,0.083,15.905,2.685,0.455
Nias Selatan,12,Sumatera Utara,Sumatera,Kabupaten,2.331,0.008,1.516,0.013,0.12,0.148,0.08,0.033,0.248,2.121,1.367,0.234
Humbang Hasundutan,12,Sumatera Utara,Sumatera,Kabupaten,2.161,0.016,1.896,0.045,0.064,0.048,0.053,0.065,0.134,12.932,1.934,0.321
Pakpak Bharat,12,Sumatera Utara,Sumatera,Kabupaten,2.046,0.013,2.095,0.071,0.072,0.028,0.025,0.066,0.112,13.278,1.956,0.329
Samosir,12,Sumatera Utara,Sumatera,Kabupaten,2.082,0.011,2.181,0.055,0.086,0.043,0.047,0.049,0.217,15.769,2.643,0.571
Serdang Bedagai,12,Sumatera Utara,Sumatera,Kabupaten,1.532,0.018,1.904,0.054,0.084,0.076,0.101,0.074,0.066,12.95,2.708,0.476
Batu Bara,12,Sumatera Utara,Sumatera,Kabupaten,1.495,0.027,1.759,0.037,0.087,0.078,0.082,0.06,0.078,15.564,2.818,0.464
Padang Lawas Utara,12,Sumatera Utara,Sumatera,Kabupaten,2.169,0.016,1.605,0.051,0.092,0.045,0.09,0.062,0.033,16.418,4.034,0.329
Padang Lawas,12,Sumatera Utara,Sumatera,Kabupaten,2.0,0.012,1.74,0.021,0.096,0.052,0.079,0.052,0.062,24.182,4.838,0.52
Labuhan Batu Selatan,12,Sumatera Utara,Sumatera,Kabupaten,1.78,0.03,1.931,0.071,0.123,0.044,0.083,0.052,0.033,17.219,3.053,0.484
Labuhan Batu Utara,12,Sumatera Utara,Sumatera,Kabupaten,1.711,0.023,1.886,0.041,0.094,0.064,0.092,0.078,0.052,12.841,3.441,0.526
Nias Utara,12,Sumatera Utara,Sumatera,Kabupaten,2.368,0.015,1.19,0.035,0.076,0.179,0.092,0.03,0.244,7.381,0.995,0.131
Nias Barat,12,Sumatera Utara,Sumatera,Kabupaten,2.288,0.009,1.019,0.014,0.055,0.102,0.081,0.019,0.3,4.997,1.091,0.087
Kota Sibolga,12,Sumatera Utara,Sumatera,Kota,1.468,0.005,1.614,0.042,0.085,0.142,0.07,0.037,0.081,12.248,2.558,0.655
Kota Tanjung Balai,12,Sumatera Utara,Sumatera,Kota,1.457,0.027,1.806,0.045,0.11,0.138,0.063,0.063,0.135,17.038,2.571,0.313
Kota Pematang Siantar,12,Sumatera Utara,Sumatera,Kota,1.491,0.016,2.102,0.048,0.119,0.079,0.074,0.073,0.126,10.744,1.859,0.605
Kota Tebing Tinggi,12,Sumatera Utara,Sumatera,Kota,1.417,0.026,2.447,0.052,0.164,0.091,0.083,0.083,0.148,10.103,2.46,0.472
Kota Medan,12,Sumatera Utara,Sumatera,Kota,1.312,0.021,2.506,0.045,0.175,0.093,0.063,0.075,0.119,7.456,2.234,0.573
Kota Binjai,12,Sumatera Utara,Sumatera,Kota,1.383,0.04,2.852,0.058,0.153,0.056,0.088,0.078,0.134,9.689,2.185,0.693
Kota Padangsidimpuan,12,Sumatera Utara,Sumatera,Kota,1.673,0.005,2.087,0.013,0.097,0.06,0.07,0.052,0.086,13.508,4.187,0.388
Kota Gunungsitoli,12,Sumatera Utara,Sumatera,Kota,1.802,0.012,1.613,0.026,0.102,0.208,0.099,0.059,0.151,8.732,1.409,0.208
Kepulauan Mentawai,13,Sumatera Barat,Sumatera,Kabupaten,1.293,0.037,1.359,0.086,0.033,0.236,0.103,0.034,0.513,22.469,1.89,0.083
Pesisir Selatan,13,Sumatera Barat,Sumatera,Kabupaten,1.68,0.008,1.484,0.022,0.097,0.201,0.071,0.049,0.045,24.525,3.087,0.178
Solok,13,Sumatera Barat,Sumatera,Kabupaten,1.819,0.019,2.009,0.019,0.173,0.066,0.036,0.045,0.042,23.991,4.562,0.26
Sijunjung,13,Sumatera Barat,Sumatera,Kabupaten,1.702,0.008,2.331,0.031,0.123,0.06,0.042,0.028,0.053,19.806,3.37,0.383
Tanah Datar,13,Sumatera Barat,Sumatera,Kabupaten,1.577,0.01,2.326,0.025,0.158,0.071,0.044,0.035,0.028,18.773,3.53,0.329
Padang Pariaman,13,Sumatera Barat,Sumatera,Kabupaten,1.402,0.013,1.997,0.039,0.09,0.104,0.065,0.055,0.083,19.554,3.211,0.199
Agam,13,Sumatera Barat,Sumatera,Kabupaten,1.493,0.019,1.963,0.018,0.138,0.092,0.044,0.046,0.058,17.113,2.954,0.239
Lima Puluh Kota,13,Sumatera Barat,Sumatera,Kabupaten,1.801,0.004,2.32,0.02,0.145,0.074,0.048,0.043,0.052,26.639,4.306,0.332
Pasaman,13,Sumatera Barat,Sumatera,Kabupaten,1.888,0.013,1.826,0.027,0.11,0.062,0.041,0.032,0.058,20.988,4.117,0.258
Solok Selatan,13,Sumatera Barat,Sumatera,Kabupaten,1.777,0.029,1.831,0.045,0.199,0.087,0.046,0.044,0.032,32.255,4.076,0.288
Dharmasraya,13,Sumatera Barat,Sumatera,Kabupaten,1.386,0.03,2.336,0.056,0.135,0.063,0.052,0.033,0.052,26.462,3.386,0.471
Pasaman Barat,13,Sumatera Barat,Sumatera,Kabupaten,1.842,0.015,1.821,0.036,0.096,0.108,0.059,0.042,0.047,26.794,3.955,0.254
Kota Padang,13,Sumatera Barat,Sumatera,Kota,1.243,0.019,2.44,0.022,0.185,0.12,0.086,0.056,0.077,15.285,2.785,0.33
Kota Solok,13,Sumatera Barat,Sumatera,Kota,1.378,0.023,2.472,0.026,0.203,0.051,0.051,0.044,0.025,17.039,4.116,0.421
Kota Sawah Lunto,13,Sumatera Barat,Sumatera,Kota,1.401,0.031,2.876,0.047,0.187,0.07,0.047,0.041,0.018,14.938,3.896,0.377
Kota Padang Panjang,13,Sumatera Barat,Sumatera,Kota,1.233,0.025,2.45,0.034,0.248,0.053,0.061,0.061,0.044,12.38,2.992,0.304
Kota Bukittinggi,13,Sumatera Barat,Sumatera,Kota,1.315,0.016,2.116,0.022,0.197,0.062,0.044,0.042,0.072,11.171,3.679,0.361
Kota Payakumbuh,13,Sumatera Barat,Sumatera,Kota,1.287,0.016,2.166,0.021,0.119,0.07,0.048,0.051,0.053,19.519,3.743,0.47
Kota Pariaman,13,Sumatera Barat,Sumatera,Kota,1.201,0.017,2.077,0.041,0.148,0.13,0.069,0.086,0.063,11.567,3.253,0.324
Kuantan Singingi,14,Riau,Sumatera,Kabupaten,1.37,0.051,2.274,0.06,0.203,0.04,0.094,0.085,0.03,23.202,2.743,0.222
Indragiri Hulu,14,Riau,Sumatera,Kabupaten,1.37,0.047,2.108,0.084,0.145,0.029,0.068,0.048,0.066,24.114,2.731,0.339
Indragiri Hilir,14,Riau,Sumatera,Kabupaten,1.415,0.091,2.13,0.073,0.106,0.044,0.056,0.032,0.165,24.344,2.837,0.269
Pelalawan,14,Riau,Sumatera,Kabupaten,1.602,0.055,2.44,0.077,0.194,0.054,0.05,0.054,0.031,20.837,2.987,0.368
Siak,14,Riau,Sumatera,Kabupaten,1.44,0.061,2.472,0.069,0.199,0.053,0.075,0.067,0.079,17.779,2.675,0.368
Kampar,14,Riau,Sumatera,Kabupaten,1.315,0.03,2.25,0.086,0.218,0.05,0.067,0.064,0.046,19.646,2.589,0.362
Rokan Hulu,14,Riau,Sumatera,Kabupaten,1.788,0.032,2.053,0.066,0.17,0.053,0.069,0.059,0.029,29.669,3.027,0.418
Bengkalis,14,Riau,Sumatera,Kabupaten,1.447,0.06,2.398,0.087,0.208,0.061,0.079,0.071,0.055,19.777,2.889,0.412
Rokan Hilir,14,Riau,Sumatera,Kabupaten,1.519,0.043,1.974,0.082,0.139,0.055,0.067,0.043,0.053,20.566,3.383,0.441
Kepulauan Meranti,14,Riau,Sumatera,Kabupaten,1.459,0.089,2.22,0.053,0.104,0.092,0.066,0.051,0.136,21.448,3.215,0.18
Kota Pekanbaru,14,Riau,Sumatera,Kota,1.122,0.022,2.75,0.037,0.227,0.062,0.06,0.062,0.087,13.592,2.362,0.352
Kota Dumai,14,Riau,Sumatera,Kota,1.52,0.035,2.534,0.058,0.185,0.1,0.068,0.069,0.078,19.381,2.43,0.296
Kerinci,15,Jambi,Sumatera,Kabupaten,1.738,0.021,1.918,0.03,0.129,0.103,0.034,0.047,0.091,25.249,4.117,0.321
Merangin,15,Jambi,Sumatera,Kabupaten,1.545,0.028,1.521,0.038,0.148,0.05,0.071,0.059,0.07,23.489,2.881,0.256
Sarolangun,15,Jambi,Sumatera,Kabupaten,1.611,0.045,1.746,0.068,0.148,0.04,0.079,0.058,0.064,24.557,2.749,0.257
Batang Hari,15,Jambi,Sumatera,Kabupaten,1.388,0.095,1.812,0.081,0.156,0.031,0.073,0.066,0.061,22.764,2.574,0.315
Muaro Jambi,15,Jambi,Sumatera,Kabupaten,1.403,0.121,2.196,0.083,0.162,0.033,0.06,0.064,0.107,15.725,2.753,0.371
Tanjung Jabung Timur,15,Jambi,Sumatera,Kabupaten,1.44,0.112,1.834,0.099,0.141,0.054,0.063,0.067,0.155,22.572,3.798,0.256
Tanjung Jabung Barat,15,Jambi,Sumatera,Kabupaten,1.295,0.119,2.224,0.1,0.159,0.03,0.065,0.078,0.118,23.824,3.224,0.218
Tebo,15,Jambi,Sumatera,Kabupaten,1.636,0.072,1.806,0.096,0.133,0.046,0.077,0.069,0.097,21.425,2.588,0.437
Bungo,15,Jambi,Sumatera,Kabupaten,1.419,0.04,2.042,0.07,0.165,0.052,0.072,0.064,0.084,29.816,3.875,0.485
Kota Jambi,15,Jambi,Sumatera,Kota,1.023,0.08,2.191,0.071,0.197,0.028,0.067,0.066,0.07,11.63,2.946,0.499
Kota Sungai Penuh,15,Jambi,Sumatera,Kota,1.541,0.022,2.04,0.036,0.111,0.078,0.052,0.057,0.095,23.562,2.974,0.259
Ogan Komering Ulu,16,Sumatera Selatan,Sumatera,Kabupaten,1.637,0.083,2.418,0.108,0.125,0.028,0.07,0.049,0.097,17.216,2.947,0.493
Ogan Komering Ilir,16,Sumatera Selatan,Sumatera,Kabupaten,1.686,0.137,2.288,0.111,0.14,0.049,0.086,0.062,0.131,16.428,3.578,0.428
Muara Enim,16,Sumatera Selatan,Sumatera,Kabupaten,1.568,0.126,2.635,0.118,0.153,0.038,0.079,0.064,0.077,17.558,3.88,0.573
Lahat,16,Sumatera Selatan,Sumatera,Kabupaten,1.85,0.091,2.24,0.081,0.172,0.036,0.08,0.046,0.078,15.481,3.637,0.735
Musi Rawas,16,Sumatera Selatan,Sumatera,Kabupaten,1.707,0.095,1.885,0.12,0.132,0.022,0.098,0.061,0.121,6.641,3.57,0.464
Musi Banyuasin,16,Sumatera Selatan,Sumatera,Kabupaten,1.532,0.12,2.256,0.145,0.153,0.033,0.086,0.072,0.084,17.823,2.685,0.468
Banyu Asin,16,Sumatera Selatan,Sumatera,Kabupaten,1.628,0.147,2.36,0.149,0.152,0.047,0.081,0.073,0.144,16.917,3.826,0.452
Ogan Komering Ulu Selatan,16,Sumatera Selatan,Sumatera,Kabupaten,1.804,0.039,1.966,0.087,0.103,0.05,0.088,0.063,0.135,16.476,3.463,0.337
Ogan Komering Ulu Timur,16,Sumatera Selatan,Sumatera,Kabupaten,1.632,0.096,1.898,0.116,0.088,0.033,0.095,0.071,0.107,15.631,2.96,0.446
Ogan Ilir,16,Sumatera Selatan,Sumatera,Kabupaten,1.43,0.178,1.875,0.117,0.126,0.024,0.043,0.04,0.182,17.686,4.308,0.474
Empat Lawang,16,Sumatera Selatan,Sumatera,Kabupaten,1.921,0.081,1.712,0.074,0.123,0.074,0.06,0.036,0.097,10.327,4.211,0.605
Penukal Abab Lematang Ilir,16,Sumatera Selatan,Sumatera,Kabupaten,1.81,0.174,1.772,0.148,0.128,0.048,0.079,0.063,0.078,12.668,3.135,0.483
Musi Rawas Utara,16,Sumatera Selatan,Sumatera,Kabupaten,1.686,0.069,1.573,0.101,0.137,0.048,0.062,0.07,0.069,12.921,2.878,0.366
Kota Palembang,16,Sumatera Selatan,Sumatera,Kota,1.254,0.117,3.005,0.103,0.216,0.029,0.066,0.053,0.12,9.957,3.005,0.586
Kota Prabumulih,16,Sumatera Selatan,Sumatera,Kota,1.219,0.1,2.6,0.082,0.215,0.044,0.067,0.073,0.087,11.285,2.809,0.355
Kota Pagar Alam,16,Sumatera Selatan,Sumatera,Kota,1.7,0.08,1.95,0.071,0.166,0.032,0.065,0.025,0.042,10.01,3.154,0.947
Kota Lubuklinggau,16,Sumatera Selatan,Sumatera,Kota,1.467,0.087,2.247,0.102,0.177,0.02,0.073,0.058,0.117,7.142,3.409,0.576
Bengkulu Selatan,17,Bengkulu,Sumatera,Kabupaten,1.786,0.035,1.837,0.04,0.114,0.047,0.087,0.043,0.152,11.015,3.163,0.278
Rejang Lebong,17,Bengkulu,Sumatera,Kabupaten,1.717,0.064,2.023,0.054,0.135,0.05,0.073,0.039,0.081,11.187,2.999,0.552
Bengkulu Utara,17,Bengkulu,Sumatera,Kabupaten,1.756,0.063,2.052,0.052,0.13,0.064,0.099,0.074,0.098,20.695,2.609,0.431
Kaur,17,Bengkulu,Sumatera,Kabupaten,1.798,0.055,1.655,0.055,0.089,0.105,0.07,0.024,0.102,17.797,3.626,0.203
Seluma,17,Bengkulu,Sumatera,Kabupaten,1.674,0.042,1.718,0.07,0.125,0.067,0.105,0.06,0.066,17.884,3.437,0.271
Mukomuko,17,Bengkulu,Sumatera,Kabupaten,1.62,0.026,1.948,0.046,0.107,0.095,0.109,0.076,0.055,24.311,3.071,0.37
Lebong,17,Bengkulu,Sumatera,Kabupaten,1.918,0.042,1.775,0.056,0.115,0.088,0.069,0.023,0.048,24.574,4.141,0.463
Kepahiang,17,Bengkulu,Sumatera,Kabupaten,1.843,0.049,1.907,0.055,0.117,0.093,0.077,0.04,0.085,11.856,2.563,0.47
Bengkulu Tengah,17,Bengkulu,Sumatera,Kabupaten,1.824,0.048,1.963,0.054,0.162,0.093,0.074,0.055,0.033,15.234,3.235,0.457
Kota Bengkulu,17,Bengkulu,Sumatera,Kota,1.291,0.043,2.456,0.04,0.175,0.062,0.083,0.051,0.025,15.888,3.039,0.475
Lampung Barat,18,Lampung,Sumatera,Kabupaten,1.839,0.088,1.786,0.066,0.073,0.08,0.078,0.076,0.112,13.766,3.171,0.296
Tanggamus,18,Lampung,Sumatera,Kabupaten,1.657,0.09,2.031,0.072,0.06,0.128,0.074,0.06,0.245,13.677,2.867,0.438
Lampung Selatan,18,Lampung,Sumatera,Kabupaten,1.519,0.062,2.254,0.083,0.096,0.055,0.077,0.057,0.115,13.683,2.473,0.359
Lampung Timur,18,Lampung,Sumatera,Kabupaten,1.583,0.064,2.065,0.082,0.069,0.033,0.086,0.048,0.107,16.5,2.713,0.265
Lampung Tengah,18,Lampung,Sumatera,Kabupaten,1.552,0.077,1.993,0.111,0.086,0.043,0.093,0.071,0.134,15.945,2.841,0.431
Lampung Utara,18,Lampung,Sumatera,Kabupaten,1.535,0.082,2.357,0.082,0.08,0.04,0.069,0.055,0.098,12.121,2.211,0.347
Way Kanan,18,Lampung,Sumatera,Kabupaten,1.672,0.077,2.006,0.1,0.084,0.033,0.076,0.067,0.14,13.198,2.762,0.342
Tulangbawang,18,Lampung,Sumatera,Kabupaten,1.594,0.061,2.136,0.079,0.059,0.038,0.083,0.074,0.12,17.287,2.461,0.297
Pesawaran,18,Lampung,Sumatera,Kabupaten,1.607,0.098,2.173,0.078,0.069,0.079,0.086,0.059,0.11,15.808,2.905,0.309
Pringsewu,18,Lampung,Sumatera,Kabupaten,1.548,0.083,2.041,0.063,0.055,0.062,0.091,0.048,0.135,16.279,2.248,0.359
Mesuji,18,Lampung,Sumatera,Kabupaten,1.669,0.069,1.708,0.09,0.072,0.031,0.089,0.085,0.133,17.191,2.948,0.254
Tulang Bawang Barat,18,Lampung,Sumatera,Kabupaten,1.542,0.058,1.942,0.068,0.073,0.024,0.072,0.06,0.155,20.585,3.037,0.315
Pesisir Barat,18,Lampung,Sumatera,Kabupaten,1.884,0.056,1.591,0.054,0.089,0.102,0.096,0.075,0.134,21.441,4.447,0.368
Kota Bandar Lampung,18,Lampung,Sumatera,Kota,1.223,0.047,2.879,0.059,0.145,0.04,0.062,0.056,0.058,13.019,2.303,0.431
Kota Metro,18,Lampung,Sumatera,Kota,1.222,0.044,2.491,0.073,0.092,0.036,0.078,0.057,0.082,16.464,2.615,0.56
Bangka,19,Kep. Bangka Belitung,Sumatera,Kabupaten,1.414,0.097,1.915,0.054,0.219,0.08,0.079,0.083,0.068,17.052,2.01,0.477
Belitung,19,Kep. Bangka Belitung,Sumatera,Kabupaten,1.314,0.064,2.388,0.059,0.192,0.082,0.084,0.054,0.075,15.579,2.064,0.617
Bangka Barat,19,Kep. Bangka Belitung,Sumatera,Kabupaten,1.32,0.074,1.929,0.073,0.178,0.051,0.047,0.055,0.047,22.114,2.404,0.494
Bangka Tengah,19,Kep. Bangka Belitung,Sumatera,Kabupaten,1.438,0.062,2.225,0.07,0.193,0.056,0.077,0.046,0.066,20.518,2.865,0.642
Bangka Selatan,19,Kep. Bangka Belitung,Sumatera,Kabupaten,1.628,0.045,1.861,0.068,0.203,0.047,0.073,0.047,0.042,20.612,2.576,0.674
Belitung Timur,19,Kep. Bangka Belitung,Sumatera,Kabupaten,1.478,0.07,2.225,0.047,0.215,0.073,0.069,0.033,0.084,21.103,1.975,0.487
Kota Pangkal Pinang,19,Kep. Bangka Belitung,Sumatera,Kota,1.193,0.069,2.772,0.051,0.291,0.074,0.073,0.074,0.03,12.646,1.737,0.632
Karimun,21,Kepulauan Riau,Sumatera,Kabupaten,1.255,0.069,2.324,0.097,0.18,0.072,0.078,0.077,0.117,18.287,1.475,0.233
Bintan,21,Kepulauan Riau,Sumatera,Kabupaten,1.242,0.072,2.749,0.096,0.2,0.15,0.083,0.096,0.148,16.285,2.108,0.324
Natuna,21,Kepulauan Riau,Sumatera,Kabupaten,1.283,0.095,2.652,0.093,0.176,0.46,0.065,0.047,0.126,22.54,2.097,0.499
Lingga,21,Kepulauan Riau,Sumatera,Kabupaten,1.465,0.105,2.115,0.064,0.145,0.046,0.046,0.038,0.058,20.437,2.175,0.197
Kepulauan Anambas,21,Kepulauan Riau,Sumatera,Kabupaten,1.102,0.089,2.859,0.117,0.201,0.275,0.049,0.028,0.106,31.235,1.719,0.525
Kota Batam,21,Kepulauan Riau,Sumatera,Kota,1.208,0.061,2.921,0.054,0.266,0.082,0.096,0.086,0.136,14.567,2.461,0.464
Kota Tanjung Pinang,21,Kepulauan Riau,Sumatera,Kota,1.117,0.044,2.59,0.062,0.236,0.134,0.073,0.084,0.125,14.817,2.156,0.496
Kepulauan Seribu,31,DKI Jakarta,Jawa,Kabupaten,1.58,0.024,2.1,0.069,0.107,0.217,0.04,0.036,0.014,18.827,1.993,0.551
Kota Jakarta Selatan,31,DKI Jakarta,Jawa,Kota,1.261,0.055,2.954,0.037,0.226,0.027,0.057,0.07,0.035,5.767,2.77,0.635
Kota Jakarta Timur,31,DKI Jakarta,Jawa,Kota,1.25,0.05,2.82,0.057,0.223,0.047,0.07,0.07,0.035,7.954,2.363,0.581
Kota Jakarta Pusat,31,DKI Jakarta,Jawa,Kota,1.21,0.026,2.683,0.048,0.213,0.039,0.066,0.069,0.022,9.326,2.278,0.799
Kota Jakarta Barat,31,DKI Jakarta,Jawa,Kota,1.313,0.036,2.57,0.044,0.194,0.03,0.047,0.058,0.039,9.727,2.361,0.681
Kota Jakarta Utara,31,DKI Jakarta,Jawa,Kota,1.301,0.056,2.794,0.065,0.186,0.046,0.06,0.06,0.039,10.115,2.938,0.649
Bogor,32,Jawa Barat,Jawa,Kabupaten,1.494,0.067,2.497,0.061,0.157,0.018,0.064,0.053,0.03,13.068,2.727,0.713
Sukabumi,32,Jawa Barat,Jawa,Kabupaten,1.851,0.076,2.416,0.045,0.152,0.029,0.067,0.046,0.1,10.956,3.981,0.66
Cianjur,32,Jawa Barat,Jawa,Kabupaten,1.815,0.081,2.365,0.082,0.148,0.009,0.055,0.037,0.104,13.652,3.641,0.618
Bandung,32,Jawa Barat,Jawa,Kabupaten,1.399,0.05,2.558,0.063,0.186,0.003,0.069,0.032,0.025,9.097,3.65,0.734
Garut,32,Jawa Barat,Jawa,Kabupaten,1.565,0.076,2.31,0.074,0.167,0.024,0.076,0.041,0.096,6.366,4.582,0.81
Tasikmalaya,32,Jawa Barat,Jawa,Kabupaten,1.678,0.072,2.013,0.061,0.146,0.004,0.063,0.045,0.099,7.269,4.077,0.673
Ciamis,32,Jawa Barat,Jawa,Kabupaten,1.704,0.104,2.125,0.108,0.181,0.007,0.095,0.056,0.101,7.347,2.966,0.629
Kuningan,32,Jawa Barat,Jawa,Kabupaten,1.435,0.09,2.331,0.086,0.179,0.003,0.072,0.043,0.101,13.116,4.387,0.593
Cirebon,32,Jawa Barat,Jawa,Kabupaten,1.382,0.032,2.515,0.088,0.169,0.007,0.066,0.039,0.046,11.136,4.604,0.914
Majalengka,32,Jawa Barat,Jawa,Kabupaten,1.566,0.06,2.619,0.08,0.156,0.005,0.062,0.034,0.046,11.059,4.942,0.729
Sumedang,32,Jawa Barat,Jawa,Kabupaten,1.646,0.057,2.421,0.051,0.155,0.002,0.053,0.028,0.085,8.353,4.618,0.726
Indramayu,32,Jawa Barat,Jawa,Kabupaten,1.657,0.021,2.503,0.093,0.179,0.018,0.097,0.053,0.057,14.806,5.201,0.671
Subang,32,Jawa Barat,Jawa,Kabupaten,1.769,0.026,2.189,0.061,0.146,0.012,0.079,0.054,0.03,16.066,3.724,0.648
Purwakarta,32,Jawa Barat,Jawa,Kabupaten,1.686,0.056,2.618,0.067,0.145,0.002,0.054,0.035,0.065,11.975,3.893,0.752
Karawang,32,Jawa Barat,Jawa,Kabupaten,1.633,0.021,2.159,0.053,0.145,0.009,0.098,0.08,0.035,14.447,4.307,0.679
Bekasi,32,Jawa Barat,Jawa,Kabupaten,1.451,0.037,2.568,0.057,0.16,0.022,0.061,0.062,0.02,11.952,3.129,0.619
Bandung Barat,32,Jawa Barat,Jawa,Kabupaten,1.503,0.066,2.342,0.056,0.186,0.004,0.059,0.034,0.042,9.777,3.207,0.601
Pangandaran,32,Jawa Barat,Jawa,Kabupaten,1.85,0.134,1.714,0.102,0.153,0.017,0.125,0.07,0.129,5.84,2.508,0.505
Kota Bogor,32,Jawa Barat,Jawa,Kota,1.352,0.052,2.821,0.044,0.164,0.007,0.079,0.079,0.027,10.719,2.709,0.756
Kota Sukabumi,32,Jawa Barat,Jawa,Kota,1.452,0.046,2.951,0.06,0.177,0.011,0.056,0.044,0.063,8.87,3.333,0.692
Kota Bandung,32,Jawa Barat,Jawa,Kota,1.209,0.048,2.94,0.064,0.218,0.008,0.067,0.046,0.022,11.868,3.113,0.702
Kota Cirebon,32,Jawa Barat,Jawa,Kota,1.228,0.036,2.515,0.058,0.169,0.011,0.059,0.032,0.037,10.978,3.143,0.819
Kota Bekasi,32,Jawa Barat,Jawa,Kota,1.327,0.049,3.083,0.065,0.221,0.032,0.076,0.075,0.04,11.555,2.15,0.597
Kota Depok,32,Jawa Barat,Jawa,Kota,1.284,0.066,2.841,0.054,0.211,0.024,0.057,0.059,0.026,9.32,2.157,0.585
Kota Cimahi,32,Jawa Barat,Jawa,Kota,1.163,0.065,2.762,0.062,0.234,0.007,0.067,0.05,0.029,8.103,3.033,0.735
Kota Tasikmalaya,32,Jawa Barat,Jawa,Kota,1.713,0.075,2.365,0.092,0.154,0.002,0.057,0.037,0.08,7.396,4.185,0.872
Kota Banjar,32,Jawa Barat,Jawa,Kota,1.807,0.083,2.269,0.173,0.169,0.002,0.075,0.051,0.174,9.207,3.411,0.965
Cilacap,33,Jawa Tengah,Jawa,Kabupaten,1.539,0.069,2.083,0.061,0.117,0.008,0.111,0.044,0.123,8.896,2.234,0.413
Banyumas,33,Jawa Tengah,Jawa,Kabupaten,1.468,0.085,1.943,0.067,0.14,0.007,0.105,0.041,0.105,7.531,2.787,0.602
Purbalingga,33,Jawa Tengah,Jawa,Kabupaten,1.219,0.072,1.728,0.066,0.104,0.006,0.09,0.042,0.093,7.138,2.616,0.658
Banjarnegara,33,Jawa Tengah,Jawa,Kabupaten,1.274,0.093,2.095,0.058,0.141,0.019,0.058,0.074,0.125,6.275,3.426,0.397
Kebumen,33,Jawa Tengah,Jawa,Kabupaten,1.376,0.085,1.806,0.08,0.124,0.013,0.102,0.053,0.177,5.579,2.189,0.407
Purworejo,33,Jawa Tengah,Jawa,Kabupaten,1.366,0.085,1.72,0.089,0.118,0.011,0.061,0.067,0.176,5.413,2.229,0.324
Wonosobo,33,Jawa Tengah,Jawa,Kabupaten,1.201,0.072,1.967,0.062,0.125,0.004,0.027,0.061,0.096,5.999,3.904,0.628
Magelang,33,Jawa Tengah,Jawa,Kabupaten,1.178,0.084,1.813,0.066,0.119,0.004,0.02,0.037,0.102,9.046,3.243,0.548
Boyolali,33,Jawa Tengah,Jawa,Kabupaten,1.201,0.085,2.179,0.06,0.144,0.005,0.042,0.069,0.128,10.333,2.602,0.45
Klaten,33,Jawa Tengah,Jawa,Kabupaten,1.225,0.07,2.136,0.051,0.163,0.006,0.052,0.078,0.079,10.43,2.586,0.439
Sukoharjo,33,Jawa Tengah,Jawa,Kabupaten,1.257,0.06,2.071,0.054,0.141,0.004,0.054,0.065,0.043,9.215,3.165,0.452
Wonogiri,33,Jawa Tengah,Jawa,Kabupaten,1.455,0.078,2.457,0.059,0.132,0.021,0.037,0.076,0.11,7.986,2.259,0.399
Karanganyar,33,Jawa Tengah,Jawa,Kabupaten,1.442,0.087,2.523,0.043,0.162,0.014,0.054,0.097,0.07,9.021,3.126,0.572
Sragen,33,Jawa Tengah,Jawa,Kabupaten,1.43,0.069,2.172,0.071,0.149,0.011,0.075,0.095,0.079,13.469,2.723,0.539
Grobogan,33,Jawa Tengah,Jawa,Kabupaten,1.435,0.081,2.168,0.077,0.104,0.005,0.069,0.12,0.12,14.117,3.331,0.738
Blora,33,Jawa Tengah,Jawa,Kabupaten,1.411,0.037,1.616,0.029,0.055,0.003,0.042,0.055,0.093,16.582,3.183,0.596
Rembang,33,Jawa Tengah,Jawa,Kabupaten,1.545,0.047,2.118,0.031,0.105,0.029,0.073,0.049,0.08,14.774,3.511,0.618
Pati,33,Jawa Tengah,Jawa,Kabupaten,1.484,0.053,1.839,0.057,0.1,0.014,0.076,0.065,0.095,13.802,2.891,0.487
Kudus,33,Jawa Tengah,Jawa,Kabupaten,1.203,0.048,2.04,0.063,0.11,0.005,0.057,0.043,0.077,12.465,3.219,0.569
Jepara,33,Jawa Tengah,Jawa,Kabupaten,1.416,0.04,1.854,0.067,0.1,0.046,0.067,0.042,0.082,14.259,2.481,0.565
Demak,33,Jawa Tengah,Jawa,Kabupaten,1.39,0.03,2.087,0.059,0.141,0.007,0.086,0.111,0.042,13.695,3.488,0.595
Semarang,33,Jawa Tengah,Jawa,Kabupaten,1.209,0.087,2.394,0.056,0.153,0.003,0.044,0.072,0.127,9.815,2.88,0.471
Temanggung,33,Jawa Tengah,Jawa,Kabupaten,1.248,0.07,1.977,0.063,0.121,0.013,0.03,0.055,0.07,3.719,2.92,0.703
Kendal,33,Jawa Tengah,Jawa,Kabupaten,1.46,0.067,2.307,0.075,0.142,0.027,0.051,0.084,0.065,10.148,2.571,0.531
Batang,33,Jawa Tengah,Jawa,Kabupaten,1.39,0.057,1.935,0.074,0.107,0.02,0.045,0.064,0.071,10.022,5.686,0.76
Pekalongan,33,Jawa Tengah,Jawa,Kabupaten,1.352,0.042,2.005,0.081,0.13,0.012,0.044,0.032,0.088,9.975,4.952,0.809
Pemalang,33,Jawa Tengah,Jawa,Kabupaten,1.4,0.051,1.707,0.074,0.113,0.013,0.073,0.048,0.101,9.148,5.013,0.677
Tegal,33,Jawa Tengah,Jawa,Kabupaten,1.397,0.042,1.739,0.057,0.103,0.01,0.047,0.038,0.08,9.778,3.272,0.622
Brebes,33,Jawa Tengah,Jawa,Kabupaten,1.437,0.052,1.852,0.073,0.111,0.011,0.07,0.04,0.068,10.764,4.62,0.784
Kota Magelang,33,Jawa Tengah,Jawa,Kota,1.037,0.037,2.124,0.022,0.145,0.007,0.05,0.067,0.062,8.858,2.623,0.609
Kota Surakarta,33,Jawa Tengah,Jawa,Kota,1.169,0.042,2.175,0.056,0.175,0.005,0.07,0.062,0.023,7.186,3.005,0.517
Kota Salatiga,33,Jawa Tengah,Jawa,Kota,1.119,0.048,2.256,0.028,0.164,0.002,0.041,0.062,0.069,9.25,2.569,0.375
Kota Semarang,33,Jawa Tengah,Jawa,Kota,1.14,0.041,2.666,0.051,0.18,0.006,0.075,0.086,0.041,9.507,2.391,0.463
Kota Pekalongan,33,Jawa Tengah,Jawa,Kota,1.207,0.035,2.298,0.039,0.119,0.012,0.039,0.036,0.072,8.725,5.109,0.738
Kota Tegal,33,Jawa Tengah,Jawa,Kota,1.22,0.024,2.059,0.057,0.131,0.014,0.046,0.034,0.118,8.021,4.021,0.732
Kulon Progo,34,DI Yogyakarta,Jawa,Kabupaten,1.304,0.08,2.113,0.04,0.117,0.01,0.053,0.072,0.19,6.656,2.573,0.419
Bantul,34,DI Yogyakarta,Jawa,Kabupaten,1.155,0.047,2.721,0.067,0.152,0.01,0.053,0.063,0.131,9.798,3.154,0.668
Gunung Kidul,34,DI Yogyakarta,Jawa,Kabupaten,1.452,0.068,2.114,0.061,0.132,0.027,0.045,0.082,0.096,6.522,3.886,0.409
Sleman,34,DI Yogyakarta,Jawa,Kabupaten,1.114,0.063,2.578,0.06,0.172,0.007,0.052,0.056,0.101,9.278,3.562,0.633
Kota Yogyakarta,34,DI Yogyakarta,Jawa,Kota,1.001,0.027,2.339,0.035,0.162,0.007,0.051,0.06,0.07,7.762,3.295,0.632
Pacitan,35,Jawa Timur,Jawa,Kabupaten,1.513,0.059,2.327,0.055,0.095,0.064,0.068,0.095,0.162,2.555,2.685,0.231
Ponorogo,35,Jawa Timur,Jawa,Kabupaten,1.456,0.057,1.946,0.031,0.07,0.06,0.047,0.077,0.097,6.821,2.854,0.445
Trenggalek,35,Jawa Timur,Jawa,Kabupaten,1.496,0.026,2.044,0.027,0.096,0.112,0.053,0.074,0.161,4.307,1.711,0.386
Tulungagung,35,Jawa Timur,Jawa,Kabupaten,1.388,0.028,2.296,0.027,0.124,0.052,0.065,0.088,0.077,6.112,1.894,0.517
Blitar,35,Jawa Timur,Jawa,Kabupaten,1.303,0.022,1.975,0.033,0.091,0.031,0.043,0.075,0.12,8.847,1.824,0.674
Kediri,35,Jawa Timur,Jawa,Kabupaten,1.406,0.038,1.983,0.052,0.131,0.012,0.07,0.084,0.077,9.722,1.607,0.647
Malang,35,Jawa Timur,Jawa,Kabupaten,1.294,0.042,2.171,0.035,0.119,0.047,0.043,0.068,0.095,14.837,1.996,0.893
Lumajang,35,Jawa Timur,Jawa,Kabupaten,1.688,0.06,1.949,0.043,0.122,0.041,0.062,0.08,0.169,6.074,2.13,0.746
Jember,35,Jawa Timur,Jawa,Kabupaten,1.602,0.057,1.788,0.024,0.126,0.034,0.059,0.077,0.1,9.314,1.936,0.789
Banyuwangi,35,Jawa Timur,Jawa,Kabupaten,1.519,0.036,1.971,0.028,0.134,0.1,0.112,0.093,0.092,12.88,3.136,0.689
Bondowoso,35,Jawa Timur,Jawa,Kabupaten,1.591,0.05,1.924,0.016,0.126,0.035,0.042,0.052,0.067,12.508,1.957,0.732
Situbondo,35,Jawa Timur,Jawa,Kabupaten,1.559,0.034,1.445,0.026,0.091,0.11,0.1,0.071,0.089,11.436,2.635,0.674
Probolinggo,35,Jawa Timur,Jawa,Kabupaten,1.677,0.03,1.749,0.014,0.079,0.094,0.036,0.028,0.106,8.177,1.386,0.559
Pasuruan,35,Jawa Timur,Jawa,Kabupaten,1.485,0.041,1.763,0.024,0.1,0.051,0.035,0.036,0.064,14.244,1.967,0.973
Sidoarjo,35,Jawa Timur,Jawa,Kabupaten,1.296,0.036,2.387,0.031,0.166,0.041,0.055,0.046,0.07,11.998,1.711,0.826
Mojokerto,35,Jawa Timur,Jawa,Kabupaten,1.376,0.048,1.864,0.039,0.111,0.019,0.066,0.061,0.066,13.082,1.945,0.802
Jombang,35,Jawa Timur,Jawa,Kabupaten,1.28,0.022,1.826,0.028,0.106,0.009,0.058,0.033,0.09,14.082,2.515,0.92
Nganjuk,35,Jawa Timur,Jawa,Kabupaten,1.601,0.05,2.296,0.027,0.113,0.003,0.068,0.084,0.121,12.692,3.401,0.881
Madiun,35,Jawa Timur,Jawa,Kabupaten,1.451,0.071,2.194,0.029,0.131,0.024,0.09,0.107,0.097,10.02,2.669,0.693
Magetan,35,Jawa Timur,Jawa,Kabupaten,1.371,0.063,2.272,0.043,0.157,0.02,0.055,0.065,0.126,11.072,2.4,0.701
Ngawi,35,Jawa Timur,Jawa,Kabupaten,1.798,0.089,2.537,0.057,0.133,0.005,0.075,0.108,0.129,10.745,4.592,0.644
Bojonegoro,35,Jawa Timur,Jawa,Kabupaten,1.612,0.069,1.814,0.021,0.105,0.003,0.066,0.068,0.078,13.262,3.19,0.7
Tuban,35,Jawa Timur,Jawa,Kabupaten,1.496,0.054,1.71,0.021,0.095,0.039,0.056,0.045,0.089,13.209,3.089,0.667
Lamongan,35,Jawa Timur,Jawa,Kabupaten,1.552,0.054,1.883,0.028,0.114,0.021,0.045,0.314,0.078,12.782,2.856,0.78
Gresik,35,Jawa Timur,Jawa,Kabupaten,1.291,0.051,2.401,0.045,0.159,0.036,0.048,0.043,0.082,12.042,3.142,0.826
Bangkalan,35,Jawa Timur,Jawa,Kabupaten,1.635,0.026,1.396,0.03,0.084,0.047,0.045,0.051,0.044,15.521,1.862,0.359
Sampang,35,Jawa Timur,Jawa,Kabupaten,1.891,0.005,1.424,0.017,0.071,0.057,0.049,0.073,0.062,21.128,1.434,0.269
Pamekasan,35,Jawa Timur,Jawa,Kabupaten,1.456,0.02,1.372,0.028,0.074,0.053,0.03,0.053,0.062,23.183,1.688,0.316
Sumenep,35,Jawa Timur,Jawa,Kabupaten,1.567,0.056,2.051,0.073,0.089,0.104,0.059,0.078,0.151,23.608,3.291,0.467
Kota Kediri,35,Jawa Timur,Jawa,Kota,1.21,0.014,2.223,0.03,0.163,0.001,0.058,0.048,0.079,7.895,2.539,0.826
Kota Blitar,35,Jawa Timur,Jawa,Kota,1.052,0.019,1.949,0.019,0.092,0.007,0.047,0.045,0.07,9.238,2.27,0.77
Kota Malang,35,Jawa Timur,Jawa,Kota,1.133,0.046,2.521,0.033,0.173,0.025,0.057,0.062,0.054,7.827,1.53,0.72
Kota Probolinggo,35,Jawa Timur,Jawa,Kota,1.516,0.017,1.821,0.022,0.107,0.067,0.037,0.024,0.083,5.978,1.794,0.606
Kota Pasuruan,35,Jawa Timur,Jawa,Kota,1.311,0.041,2.123,0.021,0.154,0.047,0.045,0.053,0.095,12.343,1.952,1.251
Kota Mojokerto,35,Jawa Timur,Jawa,Kota,1.251,0.027,2.204,0.011,0.162,0.016,0.067,0.049,0.088,8.378,2.107,0.733
Kota Madiun,35,Jawa Timur,Jawa,Kota,1.105,0.053,2.453,0.058,0.162,0.011,0.05,0.048,0.116,9.446,2.264,0.724
Kota Surabaya,35,Jawa Timur,Jawa,Kota,1.326,0.038,2.735,0.048,0.187,0.025,0.051,0.045,0.091,10.61,2.023,0.812
Kota Batu,35,Jawa Timur,Jawa,Kota,1.11,0.043,2.14,0.023,0.162,0.014,0.034,0.046,0.069,13.347,1.626,0.861
Pandeglang,36,Banten,Jawa,Kabupaten,1.988,0.044,1.401,0.053,0.095,0.059,0.065,0.021,0.085,21.316,3.155,0.488
Lebak,36,Banten,Jawa,Kabupaten,2.07,0.08,1.947,0.097,0.134,0.06,0.077,0.032,0.134,17.302,3.845,0.717
Tangerang,36,Banten,Jawa,Kabupaten,1.593,0.061,2.421,0.093,0.168,0.04,0.079,0.063,0.032,14.831,3.12,0.625
Serang,36,Banten,Jawa,Kabupaten,1.627,0.057,2.164,0.063,0.148,0.024,0.072,0.042,0.035,18.799,3.79,0.713
Kota Tangerang,36,Banten,Jawa,Kota,1.361,0.051,3.027,0.093,0.213,0.031,0.057,0.059,0.049,12.749,2.616,0.672
Kota Cilegon,36,Banten,Jawa,Kota,1.292,0.074,2.239,0.065,0.144,0.02,0.056,0.042,0.041,15.423,3.31,0.759
Kota Serang,36,Banten,Jawa,Kota,1.507,0.044,2.299,0.072,0.146,0.013,0.061,0.037,0.039,20.183,4.141,0.887
Kota Tangerang Selatan,36,Banten,Jawa,Kota,1.366,0.065,2.821,0.067,0.228,0.036,0.061,0.07,0.049,8.928,1.892,0.514
Jembrana,51,Bali,Bali & Nusa Tenggara,Kabupaten,1.949,0.007,1.994,0.014,0.173,0.116,0.075,0.108,0.194,12.903,1.669,0.462
Tabanan,51,Bali,Bali & Nusa Tenggara,Kabupaten,1.812,0.006,2.047,0.02,0.195,0.045,0.087,0.082,0.177,11.92,1.827,0.549
Badung,51,Bali,Bali & Nusa Tenggara,Kabupaten,1.635,0.012,2.16,0.02,0.212,0.046,0.074,0.064,0.174,7.862,2.123,0.742
Gianyar,51,Bali,Bali & Nusa Tenggara,Kabupaten,1.953,0.006,2.019,0.013,0.19,0.009,0.057,0.069,0.191,5.924,2.113,0.686
Klungkung,51,Bali,Bali & Nusa Tenggara,Kabupaten,1.878,0.001,2.092,0.003,0.153,0.105,0.122,0.085,0.119,5.234,1.495,0.543
Bangli,51,Bali,Bali & Nusa Tenggara,Kabupaten,1.921,0.007,2.074,0.018,0.223,0.001,0.043,0.09,0.296,7.379,1.38,0.539
Karangasem,51,Bali,Bali & Nusa Tenggara,Kabupaten,1.985,0.003,1.546,0.009,0.103,0.103,0.05,0.059,0.17,7.692,1.294,0.446
Buleleng,51,Bali,Bali & Nusa Tenggara,Kabupaten,2.038,0.008,1.891,0.016,0.169,0.072,0.074,0.069,0.215,9.364,2.035,0.628
Kota Denpasar,51,Bali,Bali & Nusa Tenggara,Kota,1.472,0.006,2.308,0.017,0.253,0.05,0.08,0.067,0.078,6.877,2.004,0.69
Lombok Barat,52,Nusa Tenggara Barat,Bali & Nusa Tenggara,Kabupaten,1.805,0.011,1.865,0.025,0.096,0.161,0.107,0.059,0.066,12.191,3.184,0.298
Lombok Tengah,52,Nusa Tenggara Barat,Bali & Nusa Tenggara,Kabupaten,1.908,0.015,1.747,0.037,0.069,0.113,0.112,0.056,0.053,11.381,2.928,0.218
Lombok Timur,52,Nusa Tenggara Barat,Bali & Nusa Tenggara,Kabupaten,2.276,0.021,2.032,0.043,0.091,0.114,0.106,0.065,0.102,7.694,3.582,0.293
Sumbawa,52,Nusa Tenggara Barat,Bali & Nusa Tenggara,Kabupaten,1.806,0.04,1.866,0.03,0.097,0.1,0.061,0.059,0.109,9.765,2.3,0.448
Dompu,52,Nusa Tenggara Barat,Bali & Nusa Tenggara,Kabupaten,2.047,0.009,1.539,0.034,0.058,0.095,0.105,0.088,0.083,12.201,3.548,0.47
Bima,52,Nusa Tenggara Barat,Bali & Nusa Tenggara,Kabupaten,1.872,0.014,1.356,0.056,0.068,0.099,0.081,0.055,0.085,7.4,2.583,0.319
Sumbawa Barat,52,Nusa Tenggara Barat,Bali & Nusa Tenggara,Kabupaten,2.021,0.039,1.959,0.038,0.119,0.059,0.071,0.051,0.07,14.812,2.654,0.366
Lombok Utara,52,Nusa Tenggara Barat,Bali & Nusa Tenggara,Kabupaten,2.032,0.015,1.934,0.042,0.116,0.154,0.086,0.074,0.093,5.385,3.086,0.296
Kota Mataram,52,Nusa Tenggara Barat,Bali & Nusa Tenggara,Kota,1.555,0.019,2.304,0.041,0.177,0.108,0.071,0.046,0.123,12.924,3.68,0.442
Kota Bima,52,Nusa Tenggara Barat,Bali & Nusa Tenggara,Kota,1.738,0.008,1.798,0.038,0.089,0.074,0.051,0.077,0.121,14.55,3.426,0.676
Sumba Barat,53,Nusa Tenggara Timur,Bali & Nusa Tenggara,Kabupaten,2.085,0.004,0.732,0.005,0.031,0.05,0.076,0.07,0.062,5.631,0.94,0.046
Sumba Timur,53,Nusa Tenggara Timur,Bali & Nusa Tenggara,Kabupaten,2.295,0.011,0.772,0.011,0.064,0.042,0.104,0.086,0.105,7.205,1.606,0.108
Kupang,53,Nusa Tenggara Timur,Bali & Nusa Tenggara,Kabupaten,1.948,0.02,0.58,0.011,0.024,0.072,0.116,0.054,0.13,2.497,1.842,0.09
Timor Tengah Selatan,53,Nusa Tenggara Timur,Bali & Nusa Tenggara,Kabupaten,1.911,0.052,0.597,0.012,0.051,0.023,0.102,0.073,0.266,0.982,2.087,0.131
Timor Tengah Utara,53,Nusa Tenggara Timur,Bali & Nusa Tenggara,Kabupaten,2.067,0.017,0.874,0.014,0.052,0.059,0.147,0.126,0.112,2.383,2.103,0.121
Belu,53,Nusa Tenggara Timur,Bali & Nusa Tenggara,Kabupaten,2.011,0.017,0.789,0.03,0.045,0.073,0.127,0.057,0.119,2.981,2.058,0.18
Alor,53,Nusa Tenggara Timur,Bali & Nusa Tenggara,Kabupaten,1.507,0.047,0.517,0.01,0.011,0.088,0.085,0.122,0.216,2.134,1.261,0.028
Lembata,53,Nusa Tenggara Timur,Bali & Nusa Tenggara,Kabupaten,1.608,0.034,0.736,0.021,0.015,0.118,0.073,0.035,0.286,8.422,0.846,0.058
Flores Timur,53,Nusa Tenggara Timur,Bali & Nusa Tenggara,Kabupaten,2.365,0.039,0.883,0.027,0.017,0.1,0.078,0.043,0.156,10.132,1.296,0.082
Sikka,53,Nusa Tenggara Timur,Bali & Nusa Tenggara,Kabupaten,1.862,0.012,0.597,0.023,0.02,0.128,0.047,0.048,0.199,10.32,1.465,0.175
Ende,53,Nusa Tenggara Timur,Bali & Nusa Tenggara,Kabupaten,2.14,0.014,0.812,0.037,0.023,0.114,0.073,0.063,0.178,8.615,0.937,0.122
Ngada,53,Nusa Tenggara Timur,Bali & Nusa Tenggara,Kabupaten,2.202,0.013,1.004,0.039,0.035,0.064,0.064,0.103,0.079,6.688,1.031,0.198
Manggarai,53,Nusa Tenggara Timur,Bali & Nusa Tenggara,Kabupaten,2.388,0.009,0.755,0.007,0.034,0.04,0.055,0.107,0.057,14.699,1.225,0.142
Rote Ndao,53,Nusa Tenggara Timur,Bali & Nusa Tenggara,Kabupaten,2.053,0.01,0.586,0.009,0.029,0.138,0.169,0.039,0.061,3.638,1.338,0.122
Manggarai Barat,53,Nusa Tenggara Timur,Bali & Nusa Tenggara,Kabupaten,2.313,0.041,0.948,0.01,0.032,0.021,0.059,0.074,0.076,17.608,1.011,0.103
Sumba Tengah,53,Nusa Tenggara Timur,Bali & Nusa Tenggara,Kabupaten,2.25,0.006,0.588,0.014,0.032,0.022,0.039,0.061,0.115,2.008,1.171,0.06
Sumba Barat Daya,53,Nusa Tenggara Timur,Bali & Nusa Tenggara,Kabupaten,1.896,0.008,0.712,0.011,0.039,0.047,0.06,0.071,0.107,4.262,0.808,0.092
Nagekeo,53,Nusa Tenggara Timur,Bali & Nusa Tenggara,Kabupaten,1.837,0.003,0.693,0.013,0.026,0.032,0.05,0.074,0.073,6.001,0.375,0.077
Manggarai Timur,53,Nusa Tenggara Timur,Bali & Nusa Tenggara,Kabupaten,2.654,0.01,0.527,0.016,0.021,0.02,0.036,0.066,0.032,12.055,0.44,0.074
Sabu Raijua,53,Nusa Tenggara Timur,Bali & Nusa Tenggara,Kabupaten,2.16,0.007,0.895,0.026,0.05,0.164,0.208,0.084,0.053,7.694,0.515,0.094
Malaka,53,Nusa Tenggara Timur,Bali & Nusa Tenggara,Kabupaten,2.167,0.01,0.937,0.03,0.045,0.05,0.137,0.104,0.14,3.196,2.28,0.199
Kota Kupang,53,Nusa Tenggara Timur,Bali & Nusa Tenggara,Kota,1.738,0.022,1.711,0.018,0.109,0.091,0.128,0.075,0.073,4.471,2.068,0.24
Sambas,61,Kalimantan Barat,Kalimantan,Kabupaten,1.519,0.055,1.947,0.047,0.093,0.073,0.035,0.017,0.12,17.454,2.203,0.295
Bengkayang,61,Kalimantan Barat,Kalimantan,Kabupaten,1.814,0.04,2.104,0.082,0.151,0.094,0.081,0.045,0.105,19.622,2.853,0.274
Landak,61,Kalimantan Barat,Kalimantan,Kabupaten,1.992,0.018,1.901,0.08,0.165,0.068,0.095,0.04,0.065,20.082,2.77,0.249
Mempawah,61,Kalimantan Barat,Kalimantan,Kabupaten,1.51,0.035,2.145,0.049,0.125,0.106,0.091,0.038,0.107,19.697,2.776,0.257
Sanggau,61,Kalimantan Barat,Kalimantan,Kabupaten,1.605,0.018,2.469,0.058,0.189,0.026,0.099,0.05,0.057,21.158,2.217,0.215
Ketapang,61,Kalimantan Barat,Kalimantan,Kabupaten,1.634,0.019,1.976,0.063,0.131,0.055,0.105,0.037,0.051,19.653,2.431,0.192
Sintang,61,Kalimantan Barat,Kalimantan,Kabupaten,1.899,0.021,1.735,0.06,0.178,0.018,0.078,0.055,0.083,21.702,2.366,0.182
Kapuas Hulu,61,Kalimantan Barat,Kalimantan,Kabupaten,1.6,0.038,2.1,0.085,0.192,0.029,0.066,0.045,0.092,23.119,3.339,0.237
Sekadau,61,Kalimantan Barat,Kalimantan,Kabupaten,1.754,0.04,1.956,0.085,0.221,0.04,0.084,0.051,0.103,19.235,2.803,0.215
Melawi,61,Kalimantan Barat,Kalimantan,Kabupaten,1.663,0.019,1.959,0.051,0.192,0.009,0.056,0.038,0.049,24.977,2.5,0.085
Kayong Utara,61,Kalimantan Barat,Kalimantan,Kabupaten,1.647,0.049,1.944,0.081,0.13,0.061,0.107,0.039,0.086,23.447,2.398,0.176
Kubu Raya,61,Kalimantan Barat,Kalimantan,Kabupaten,1.478,0.055,2.305,0.056,0.166,0.103,0.082,0.04,0.097,18.515,2.541,0.258
Kota Pontianak,61,Kalimantan Barat,Kalimantan,Kota,1.218,0.04,3.012,0.046,0.256,0.104,0.078,0.06,0.072,12.865,2.343,0.436
Kota Singkawang,61,Kalimantan Barat,Kalimantan,Kota,1.336,0.041,2.728,0.062,0.22,0.127,0.075,0.034,0.096,15.238,1.85,0.39
Kotawaringin Barat,62,Kalimantan Tengah,Kalimantan,Kabupaten,1.505,0.057,2.444,0.079,0.237,0.042,0.09,0.066,0.092,19.801,2.482,0.345
Kotawaringin Timur,62,Kalimantan Tengah,Kalimantan,Kabupaten,1.582,0.046,1.977,0.081,0.203,0.058,0.075,0.034,0.069,22.664,2.871,0.322
Kapuas,62,Kalimantan Tengah,Kalimantan,Kabupaten,1.578,0.075,1.779,0.067,0.144,0.03,0.057,0.049,0.074,20.51,2.845,0.181
Barito Selatan,62,Kalimantan Tengah,Kalimantan,Kabupaten,1.61,0.073,1.894,0.043,0.141,0.013,0.064,0.055,0.072,20.549,3.165,0.345
Barito Utara,62,Kalimantan Tengah,Kalimantan,Kabupaten,1.412,0.043,1.848,0.09,0.17,0.01,0.062,0.058,0.041,27.781,1.975,0.389
Sukamara,62,Kalimantan Tengah,Kalimantan,Kabupaten,1.507,0.056,2.342,0.103,0.205,0.015,0.068,0.035,0.06,22.902,3.285,0.243
Lamandau,62,Kalimantan Tengah,Kalimantan,Kabupaten,1.529,0.055,2.665,0.075,0.291,0.03,0.106,0.067,0.078,17.325,2.058,0.235
Seruyan,62,Kalimantan Tengah,Kalimantan,Kabupaten,1.467,0.041,2.3,0.085,0.19,0.052,0.085,0.05,0.049,25.832,3.61,0.301
Katingan,62,Kalimantan Tengah,Kalimantan,Kabupaten,1.464,0.033,1.85,0.066,0.228,0.015,0.056,0.053,0.096,18.621,2.384,0.481
Pulang Pisau,62,Kalimantan Tengah,Kalimantan,Kabupaten,1.631,0.069,1.931,0.075,0.167,0.052,0.073,0.056,0.102,23.579,3.528,0.398
Gunung Mas,62,Kalimantan Tengah,Kalimantan,Kabupaten,1.623,0.021,1.868,0.079,0.224,0.003,0.037,0.028,0.1,25.518,1.42,0.317
Barito Timur,62,Kalimantan Tengah,Kalimantan,Kabupaten,1.521,0.099,1.947,0.067,0.188,0.011,0.07,0.051,0.086,20.579,2.866,0.355
Murung Raya,62,Kalimantan Tengah,Kalimantan,Kabupaten,1.654,0.039,2.157,0.078,0.187,0.003,0.08,0.085,0.068,15.43,2.627,0.332
Kota Palangka Raya,62,Kalimantan Tengah,Kalimantan,Kota,1.21,0.044,2.182,0.062,0.239,0.025,0.066,0.054,0.094,14.424,2.519,0.615
Tanah Laut,63,Kalimantan Selatan,Kalimantan,Kabupaten,1.532,0.058,1.681,0.076,0.184,0.035,0.047,0.05,0.075,23.205,2.292,0.297
Kota Baru,63,Kalimantan Selatan,Kalimantan,Kabupaten,1.539,0.096,2.387,0.088,0.195,0.059,0.052,0.032,0.099,20.076,1.846,0.271
Banjar,63,Kalimantan Selatan,Kalimantan,Kabupaten,1.545,0.075,2.124,0.046,0.151,0.018,0.05,0.038,0.077,15.869,3.589,0.375
Barito Kuala,63,Kalimantan Selatan,Kalimantan,Kabupaten,1.745,0.064,1.973,0.051,0.105,0.071,0.043,0.037,0.087,20.072,3.238,0.314
Tapin,63,Kalimantan Selatan,Kalimantan,Kabupaten,1.459,0.063,1.733,0.073,0.183,0.019,0.047,0.044,0.062,24.305,3.55,0.378
Hulu Sungai Selatan,63,Kalimantan Selatan,Kalimantan,Kabupaten,1.568,0.045,1.228,0.024,0.087,0.002,0.053,0.042,0.084,18.026,4.204,0.314
Hulu Sungai Tengah,63,Kalimantan Selatan,Kalimantan,Kabupaten,1.597,0.057,1.644,0.04,0.122,0.004,0.048,0.023,0.123,21.091,3.852,0.395
Hulu Sungai Utara,63,Kalimantan Selatan,Kalimantan,Kabupaten,1.528,0.075,1.938,0.035,0.147,0.001,0.023,0.024,0.066,11.659,3.302,0.259
Tabalong,63,Kalimantan Selatan,Kalimantan,Kabupaten,1.298,0.096,2.077,0.054,0.209,0.006,0.041,0.043,0.106,15.536,3.167,0.404
Tanah Bumbu,63,Kalimantan Selatan,Kalimantan,Kabupaten,1.272,0.055,2.301,0.057,0.154,0.064,0.058,0.039,0.078,18.493,2.589,0.325
Balangan,63,Kalimantan Selatan,Kalimantan,Kabupaten,1.487,0.086,1.945,0.04,0.139,0.011,0.028,0.035,0.119,16.441,2.904,0.27
Kota Banjarmasin,63,Kalimantan Selatan,Kalimantan,Kota,1.315,0.038,2.485,0.041,0.221,0.057,0.032,0.037,0.047,12.252,2.972,0.458
Kota Banjar Baru,63,Kalimantan Selatan,Kalimantan,Kota,1.174,0.059,3.052,0.033,0.239,0.025,0.056,0.072,0.067,14.734,2.208,0.421
Paser,64,Kalimantan Timur,Kalimantan,Kabupaten,1.342,0.055,1.908,0.036,0.178,0.084,0.092,0.075,0.073,18.281,1.976,0.344
Kutai Barat,64,Kalimantan Timur,Kalimantan,Kabupaten,1.406,0.056,2.025,0.067,0.169,0.047,0.065,0.054,0.04,24.647,1.845,0.3
Kutai Kartanegara,64,Kalimantan Timur,Kalimantan,Kabupaten,1.437,0.07,2.303,0.077,0.191,0.096,0.103,0.08,0.06,18.222,2.423,0.334
Kutai Timur,64,Kalimantan Timur,Kalimantan,Kabupaten,1.472,0.067,2.398,0.091,0.161,0.092,0.088,0.067,0.071,23.133,2.085,0.365
Berau,64,Kalimantan Timur,Kalimantan,Kabupaten,1.391,0.059,2.25,0.077,0.169,0.068,0.08,0.06,0.089,19.368,1.749,0.253
Penajam Paser Utara,64,Kalimantan Timur,Kalimantan,Kabupaten,1.419,0.073,2.024,0.058,0.147,0.086,0.094,0.045,0.096,21.809,1.928,0.295
Mahakam Ulu,64,Kalimantan Timur,Kalimantan,Kabupaten,1.809,0.031,2.128,0.13,0.216,0.018,0.077,0.072,0.04,14.914,1.288,0.112
Kota Balikpapan,64,Kalimantan Timur,Kalimantan,Kota,1.247,0.063,2.37,0.06,0.212,0.079,0.075,0.056,0.116,10.486,1.376,0.545
Kota Samarinda,64,Kalimantan Timur,Kalimantan,Kota,1.159,0.057,2.559,0.036,0.186,0.067,0.07,0.065,0.071,11.627,2.045,0.488
Kota Bontang,64,Kalimantan Timur,Kalimantan,Kota,1.132,0.05,2.08,0.039,0.212,0.094,0.073,0.062,0.1,10.512,1.611,0.462
Malinau,65,Kalimantan Utara,Kalimantan,Kabupaten,1.783,0.069,2.011,0.084,0.173,0.016,0.125,0.115,0.152,15.268,0.902,0.147
Bulungan,65,Kalimantan Utara,Kalimantan,Kabupaten,1.371,0.068,1.999,0.113,0.156,0.039,0.099,0.078,0.119,18.547,1.528,0.201
Tana Tidung,65,Kalimantan Utara,Kalimantan,Kabupaten,1.404,0.076,2.214,0.078,0.167,0.033,0.099,0.081,0.116,14.218,1.42,0.203
Nunukan,65,Kalimantan Utara,Kalimantan,Kabupaten,1.428,0.116,2.803,0.108,0.126,0.046,0.105,0.096,0.156,15.572,1.83,0.282
Kota Tarakan,65,Kalimantan Utara,Kalimantan,Kota,1.264,0.079,2.644,0.087,0.174,0.022,0.075,0.053,0.102,15.327,1.402,0.422
Bolaang Mongondow,71,Sulawesi Utara,Sulawesi,Kabupaten,1.923,0.045,1.463,0.05,0.063,0.063,0.12,0.043,0.123,16.075,2.36,0.464
Minahasa,71,Sulawesi Utara,Sulawesi,Kabupaten,1.771,0.062,1.237,0.018,0.094,0.03,0.097,0.015,0.118,15.924,2.1,0.504
Kepulauan Sangihe,71,Sulawesi Utara,Sulawesi,Kabupaten,1.663,0.037,1.16,0.011,0.042,0.16,0.1,0.009,0.127,10.413,1.525,0.241
Kepulauan Talaud,71,Sulawesi Utara,Sulawesi,Kabupaten,1.658,0.049,1.248,0.013,0.05,0.086,0.125,0.011,0.076,10.523,1.144,0.176
Minahasa Selatan,71,Sulawesi Utara,Sulawesi,Kabupaten,1.949,0.058,1.3,0.029,0.068,0.042,0.09,0.006,0.108,12.142,1.955,0.379
Minahasa Utara,71,Sulawesi Utara,Sulawesi,Kabupaten,1.762,0.031,1.542,0.017,0.101,0.116,0.13,0.016,0.089,10.058,1.36,0.32
Bolaang Mongondow Utara,71,Sulawesi Utara,Sulawesi,Kabupaten,1.718,0.04,1.062,0.039,0.03,0.111,0.159,0.022,0.105,13.383,1.749,0.18
Siau Tagulandang Biaro,71,Sulawesi Utara,Sulawesi,Kabupaten,1.709,0.01,1.127,0.009,0.085,0.199,0.086,0.009,0.059,12.323,1.025,0.184
Minahasa Tenggara,71,Sulawesi Utara,Sulawesi,Kabupaten,1.868,0.041,1.279,0.01,0.052,0.1,0.092,0.011,0.149,15.234,1.649,0.318
Bolaang Mongondow Selatan,71,Sulawesi Utara,Sulawesi,Kabupaten,1.842,0.015,0.913,0.031,0.013,0.115,0.133,0.022,0.143,14.342,1.966,0.277
Bolaang Mongondow Timur,71,Sulawesi Utara,Sulawesi,Kabupaten,1.968,0.025,0.957,0.051,0.045,0.044,0.113,0.021,0.12,24.019,2.171,0.439
Kota Manado,71,Sulawesi Utara,Sulawesi,Kota,1.539,0.024,1.662,0.029,0.095,0.05,0.11,0.015,0.084,8.553,1.606,0.346
Kota Bitung,71,Sulawesi Utara,Sulawesi,Kota,1.668,0.04,1.752,0.033,0.092,0.113,0.14,0.013,0.09,12.591,1.994,0.291
Kota Tomohon,71,Sulawesi Utara,Sulawesi,Kota,1.606,0.03,1.334,0.01,0.108,0.049,0.143,0.021,0.05,12.129,1.881,0.541
Kota Kotamobagu,71,Sulawesi Utara,Sulawesi,Kota,1.763,0.02,1.218,0.023,0.039,0.009,0.121,0.04,0.165,12.809,2.229,0.497
Banggai Kepulauan,72,Sulawesi Tengah,Sulawesi,Kabupaten,2.027,0.016,0.833,0.012,0.013,0.132,0.113,0.032,0.288,9.32,0.805,0.102
Banggai,72,Sulawesi Tengah,Sulawesi,Kabupaten,1.744,0.048,1.293,0.042,0.057,0.215,0.13,0.061,0.199,11.331,2.236,0.31
Morowali,72,Sulawesi Tengah,Sulawesi,Kabupaten,1.77,0.054,1.731,0.095,0.04,0.142,0.168,0.112,0.045,31.331,0.757,0.204
Poso,72,Sulawesi Tengah,Sulawesi,Kabupaten,1.938,0.06,1.754,0.04,0.074,0.039,0.113,0.053,0.15,14.725,1.04,0.152
Donggala,72,Sulawesi Tengah,Sulawesi,Kabupaten,2.13,0.066,1.07,0.103,0.031,0.025,0.065,0.048,0.227,13.453,1.84,0.185
Toli-Toli,72,Sulawesi Tengah,Sulawesi,Kabupaten,1.588,0.051,1.289,0.052,0.01,0.003,0.078,0.049,0.157,13.741,1.56,0.148
Buol,72,Sulawesi Tengah,Sulawesi,Kabupaten,1.575,0.046,0.966,0.039,0.035,0.011,0.195,0.08,0.165,12.921,2.013,0.11
Parigi Moutong,72,Sulawesi Tengah,Sulawesi,Kabupaten,1.744,0.051,1.193,0.054,0.039,0.021,0.121,0.056,0.129,16.984,2.118,0.181
Tojo Una-Una,72,Sulawesi Tengah,Sulawesi,Kabupaten,1.65,0.03,1.046,0.061,0.028,0.1,0.097,0.058,0.133,17.385,1.634,0.086
Sigi,72,Sulawesi Tengah,Sulawesi,Kabupaten,2.173,0.061,1.303,0.088,0.035,0.044,0.085,0.046,0.113,16.31,1.428,0.133
Banggai Laut,72,Sulawesi Tengah,Sulawesi,Kabupaten,2.03,0.01,1.066,0.038,0.011,0.076,0.124,0.071,0.067,8.913,0.839,0.079
Morowali Utara,72,Sulawesi Tengah,Sulawesi,Kabupaten,1.698,0.09,1.854,0.076,0.068,0.03,0.145,0.083,0.134,21.96,1.804,0.174
Kota Palu,72,Sulawesi Tengah,Sulawesi,Kota,1.449,0.046,1.629,0.075,0.056,0.025,0.098,0.079,0.063,9.519,1.572,0.184
Kepulauan Selayar,73,Sulawesi Selatan,Sulawesi,Kabupaten,1.77,0.141,1.377,0.066,0.047,0.022,0.06,0.037,0.2,17.016,0.94,0.326
Bulukumba,73,Sulawesi Selatan,Sulawesi,Kabupaten,1.879,0.135,1.778,0.062,0.081,0.075,0.11,0.052,0.202,13.934,2.038,0.511
Bantaeng,73,Sulawesi Selatan,Sulawesi,Kabupaten,1.633,0.144,1.759,0.062,0.058,0.002,0.096,0.036,0.234,16.755,3.577,0.727
Jeneponto,73,Sulawesi Selatan,Sulawesi,Kabupaten,1.936,0.12,1.378,0.063,0.039,0.002,0.065,0.046,0.104,17.709,1.782,0.637
Takalar,73,Sulawesi Selatan,Sulawesi,Kabupaten,1.844,0.127,1.632,0.054,0.115,0.001,0.059,0.041,0.177,17.662,2.033,0.93
Gowa,73,Sulawesi Selatan,Sulawesi,Kabupaten,1.739,0.138,2.073,0.091,0.152,0.009,0.116,0.057,0.135,17.354,2.182,0.902
Sinjai,73,Sulawesi Selatan,Sulawesi,Kabupaten,1.852,0.12,1.58,0.06,0.031,0.017,0.082,0.034,0.251,12.291,2.546,0.412
Maros,73,Sulawesi Selatan,Sulawesi,Kabupaten,1.707,0.116,2.195,0.085,0.108,0.002,0.076,0.058,0.12,18.492,1.806,0.649
Pangkajene dan Kepulauan,73,Sulawesi Selatan,Sulawesi,Kabupaten,1.675,0.128,1.97,0.087,0.161,0.006,0.058,0.045,0.123,13.73,2.982,0.736
Barru,73,Sulawesi Selatan,Sulawesi,Kabupaten,1.87,0.122,2.137,0.045,0.071,0.037,0.058,0.11,0.108,10.42,2.003,0.434
Bone,73,Sulawesi Selatan,Sulawesi,Kabupaten,1.714,0.111,1.565,0.069,0.03,0.024,0.05,0.052,0.116,18.594,1.752,0.35
Soppeng,73,Sulawesi Selatan,Sulawesi,Kabupaten,1.754,0.076,2.213,0.046,0.074,0.018,0.042,0.05,0.121,21.721,1.749,0.351
Wajo,73,Sulawesi Selatan,Sulawesi,Kabupaten,1.571,0.075,2.135,0.066,0.077,0.011,0.047,0.041,0.179,22.18,1.545,0.37
Sidenreng Rappang,73,Sulawesi Selatan,Sulawesi,Kabupaten,1.699,0.069,2.235,0.053,0.115,0.011,0.104,0.054,0.088,20.027,2.356,0.488
Pinrang,73,Sulawesi Selatan,Sulawesi,Kabupaten,1.523,0.083,1.569,0.043,0.088,0.032,0.097,0.064,0.165,16.435,2.92,0.439
Enrekang,73,Sulawesi Selatan,Sulawesi,Kabupaten,1.749,0.075,2.287,0.07,0.083,0.006,0.09,0.105,0.127,17.77,2.67,0.365
Luwu,73,Sulawesi Selatan,Sulawesi,Kabupaten,1.656,0.068,1.562,0.054,0.097,0.044,0.103,0.09,0.153,17.487,1.2,0.362
Tana Toraja,73,Sulawesi Selatan,Sulawesi,Kabupaten,2.218,0.027,1.089,0.021,0.018,0.001,0.114,0.045,0.128,10.039,0.846,0.164
Luwu Utara,73,Sulawesi Selatan,Sulawesi,Kabupaten,1.844,0.089,1.923,0.088,0.066,0.061,0.13,0.119,0.217,19.767,1.117,0.3
Luwu Timur,73,Sulawesi Selatan,Sulawesi,Kabupaten,1.752,0.064,2.087,0.072,0.086,0.026,0.126,0.089,0.149,21.346,1.405,0.301
Toraja Utara,73,Sulawesi Selatan,Sulawesi,Kabupaten,1.956,0.02,1.323,0.011,0.035,0.003,0.065,0.028,0.086,10.453,1.198,0.163
Kota Makassar,73,Sulawesi Selatan,Sulawesi,Kota,1.581,0.058,2.198,0.066,0.16,0.007,0.106,0.065,0.107,10.075,1.807,0.673
Kota Parepare,73,Sulawesi Selatan,Sulawesi,Kota,1.49,0.055,1.765,0.066,0.108,0.041,0.06,0.038,0.089,11.892,2.078,0.404
Kota Palopo,73,Sulawesi Selatan,Sulawesi,Kota,1.555,0.046,2.131,0.073,0.1,0.017,0.087,0.069,0.122,15.933,1.558,0.49
Buton,74,Sulawesi Tenggara,Sulawesi,Kabupaten,1.728,0.059,1.212,0.08,0.018,0.168,0.16,0.125,0.119,9.695,2.098,0.107
Muna,74,Sulawesi Tenggara,Sulawesi,Kabupaten,1.861,0.014,0.964,0.04,0.002,0.008,0.08,0.061,0.129,11.001,1.258,0.076
Konawe,74,Sulawesi Tenggara,Sulawesi,Kabupaten,1.732,0.067,1.799,0.082,0.075,0.016,0.105,0.085,0.092,20.889,2.595,0.272
Kolaka,74,Sulawesi Tenggara,Sulawesi,Kabupaten,1.712,0.078,1.465,0.124,0.061,0.027,0.183,0.073,0.174,15.588,2.333,0.442
Konawe Selatan,74,Sulawesi Tenggara,Sulawesi,Kabupaten,1.736,0.063,1.239,0.084,0.042,0.022,0.109,0.105,0.162,18.499,2.464,0.238
Bombana,74,Sulawesi Tenggara,Sulawesi,Kabupaten,1.965,0.071,1.504,0.092,0.041,0.015,0.064,0.063,0.19,19.963,1.447,0.26
Wakatobi,74,Sulawesi Tenggara,Sulawesi,Kabupaten,1.995,0.036,1.21,0.04,0.013,0.181,0.098,0.042,0.13,13.627,1.532,0.14
Kolaka Utara,74,Sulawesi Tenggara,Sulawesi,Kabupaten,1.739,0.07,1.693,0.086,0.058,0.017,0.087,0.062,0.202,26.208,2.008,0.379
Buton Utara,74,Sulawesi Tenggara,Sulawesi,Kabupaten,1.979,0.032,1.3,0.049,0.041,0.04,0.078,0.071,0.133,17.692,1.719,0.084
Konawe Utara,74,Sulawesi Tenggara,Sulawesi,Kabupaten,1.648,0.063,1.703,0.113,0.064,0.023,0.083,0.066,0.226,27.8,1.531,0.331
Kolaka Timur,74,Sulawesi Tenggara,Sulawesi,Kabupaten,1.85,0.084,1.797,0.07,0.041,0.019,0.106,0.082,0.153,21.766,1.914,0.189
Konawe Kepulauan,74,Sulawesi Tenggara,Sulawesi,Kabupaten,1.863,0.05,1.017,0.093,0.016,0.101,0.084,0.065,0.136,17.171,1.724,0.169
Muna Barat,74,Sulawesi Tenggara,Sulawesi,Kabupaten,1.889,0.037,1.052,0.044,0.013,0.024,0.101,0.053,0.179,14.493,1.966,0.079
Buton Tengah,74,Sulawesi Tenggara,Sulawesi,Kabupaten,1.703,0.012,1.017,0.018,0.024,0.034,0.103,0.042,0.077,9.032,2.847,0.123
Buton Selatan,74,Sulawesi Tenggara,Sulawesi,Kabupaten,1.65,0.03,1.068,0.041,0.016,0.142,0.242,0.152,0.1,7.22,2.058,0.114
Kota Kendari,74,Sulawesi Tenggara,Sulawesi,Kota,1.578,0.049,1.982,0.069,0.083,0.04,0.145,0.118,0.114,8.834,2.291,0.304
Kota Baubau,74,Sulawesi Tenggara,Sulawesi,Kota,1.584,0.024,1.596,0.033,0.042,0.059,0.108,0.066,0.105,8.935,1.641,0.118
Boalemo,75,Gorontalo,Sulawesi,Kabupaten,1.818,0.048,1.066,0.028,0.022,0.052,0.167,0.024,0.116,12.26,2.278,0.194
Gorontalo,75,Gorontalo,Sulawesi,Kabupaten,1.766,0.026,1.024,0.02,0.049,0.049,0.134,0.02,0.119,11.796,2.091,0.143
Pohuwato,75,Gorontalo,Sulawesi,Kabupaten,1.803,0.012,0.922,0.054,0.035,0.038,0.156,0.022,0.078,14.927,1.169,0.137
Bone Bolango,75,Gorontalo,Sulawesi,Kabupaten,1.657,0.02,1.121,0.024,0.051,0.07,0.159,0.027,0.114,8.672,1.839,0.162
Gorontalo Utara,75,Gorontalo,Sulawesi,Kabupaten,1.75,0.01,1.087,0.02,0.025,0.026,0.138,0.015,0.085,11.878,1.899,0.182
Kota Gorontalo,75,Gorontalo,Sulawesi,Kota,1.715,0.016,1.355,0.016,0.057,0.025,0.152,0.019,0.093,11.453,1.73,0.174
Majene,76,Sulawesi Barat,Sulawesi,Kabupaten,1.836,0.134,1.176,0.041,0.015,0.11,0.033,0.054,0.164,13.173,2.082,0.26
Polewali Mandar,76,Sulawesi Barat,Sulawesi,Kabupaten,2.192,0.086,1.238,0.039,0.024,0.038,0.067,0.051,0.128,20.733,2.079,0.387
Mamasa,76,Sulawesi Barat,Sulawesi,Kabupaten,2.083,0.027,1.004,0.041,0.035,0.022,0.036,0.026,0.089,17.577,0.783,0.123
Mamuju,76,Sulawesi Barat,Sulawesi,Kabupaten,1.949,0.072,1.313,0.043,0.061,0.049,0.09,0.076,0.11,22.066,1.425,0.182
Mamuju Utara,76,Sulawesi Barat,Sulawesi,Kabupaten,1.767,0.08,1.513,0.065,0.047,0.043,0.106,0.095,0.173,24.517,1.593,0.362
Mamuju Tengah,76,Sulawesi Barat,Sulawesi,Kabupaten,1.757,0.103,1.799,0.057,0.038,0.035,0.09,0.084,0.156,20.146,1.304,0.239
Maluku Tenggara Barat,81,Maluku,Maluku,Kabupaten,1.67,0.025,0.419,0.009,0.023,0.005,0.087,0.031,0.183,4.284,1.013,0.017
Maluku Tenggara,81,Maluku,Maluku,Kabupaten,1.783,0.027,0.776,0.021,0.049,0.057,0.044,0.055,0.106,5.832,0.851,0.07
Maluku Tengah,81,Maluku,Maluku,Kabupaten,1.523,0.042,0.949,0.034,0.03,0.122,0.097,0.049,0.122,8.22,2.02,0.142
Buru,81,Maluku,Maluku,Kabupaten,1.69,0.036,0.722,0.037,0.025,0.148,0.146,0.056,0.021,12.295,1.891,0.128
Kepulauan Aru,81,Maluku,Maluku,Kabupaten,1.333,0.011,0.548,0.02,0.027,0.034,0.13,0.047,0.133,4.351,0.89,0.064
Seram Bagian Barat,81,Maluku,Maluku,Kabupaten,1.279,0.034,0.689,0.006,0.017,0.055,0.148,0.038,0.119,6.107,1.796,0.109
Seram Bagian Timur,81,Maluku,Maluku,Kabupaten,1.246,0.067,0.609,0.044,0.007,0.16,0.101,0.07,0.113,4.274,1.879,0.031
Maluku Barat Daya,81,Maluku,Maluku,Kabupaten,1.912,0.028,0.949,0.039,0.035,0.033,0.122,0.06,0.171,2.576,1.573,0.029
Buru Selatan,81,Maluku,Maluku,Kabupaten,1.45,0.031,0.44,0.018,0.006,0.073,0.075,0.028,0.162,4.312,1.073,0.037
Kota Ambon,81,Maluku,Maluku,Kota,1.615,0.033,1.296,0.024,0.102,0.096,0.143,0.061,0.052,8.25,2.088,0.231
Kota Tual,81,Maluku,Maluku,Kota,1.811,0.113,0.889,0.047,0.047,0.106,0.073,0.065,0.09,5.176,1.536,0.133
Halmahera Barat,82,Maluku Utara,Maluku,Kabupaten,1.635,0.026,0.87,0.026,0.032,0.105,0.127,0.027,0.296,10.11,1.011,0.05
Halmahera Tengah,82,Maluku Utara,Maluku,Kabupaten,1.5,0.039,0.903,0.03,0.036,0.071,0.112,0.065,0.198,18.705,1.282,0.108
Kepulauan Sula,82,Maluku Utara,Maluku,Kabupaten,1.726,0.027,0.71,0.033,0.017,0.15,0.125,0.044,0.064,5.709,0.859,0.052
Halmahera Selatan,82,Maluku Utara,Maluku,Kabupaten,1.603,0.029,0.776,0.02,0.023,0.125,0.084,0.019,0.373,10.515,0.692,0.034
Halmahera Utara,82,Maluku Utara,Maluku,Kabupaten,1.462,0.05,0.898,0.025,0.034,0.244,0.14,0.038,0.421,8.238,1.095,0.15
Halmahera Timur,82,Maluku Utara,Maluku,Kabupaten,1.257,0.049,1.005,0.042,0.039,0.07,0.167,0.048,0.118,14.183,1.869,0.123
Pulau Morotai,82,Maluku Utara,Maluku,Kabupaten,1.521,0.076,0.717,0.02,0.034,0.298,0.191,0.023,0.176,7.248,2.372,0.037
Pulau Taliabu,82,Maluku Utara,Maluku,Kabupaten,1.58,0.017,0.745,0.033,0.023,0.076,0.116,0.046,0.075,10.914,1.802,0.121
Kota Ternate,82,Maluku Utara,Maluku,Kota,1.48,0.016,1.352,0.03,0.091,0.053,0.159,0.057,0.108,17.156,2.371,0.202
Kota Tidore Kepulauan,82,Maluku Utara,Maluku,Kota,1.379,0.036,1.044,0.032,0.028,0.141,0.144,0.045,0.252,15.366,1.955,0.101
Fakfak,91,Papua Barat,Papua,Kabupaten,1.495,0.045,1.196,0.06,0.049,0.122,0.121,0.061,0.096,14.885,1.149,0.133
Kaimana,91,Papua Barat,Papua,Kabupaten,1.451,0.054,1.377,0.04,0.065,0.005,0.196,0.058,0.303,8.07,0.819,0.171
Teluk Wondama,91,Papua Barat,Papua,Kabupaten,1.157,0.034,0.921,0.051,0.053,0.029,0.165,0.1,0.222,8.4,1.069,0.13
Teluk Bintuni,91,Papua Barat,Papua,Kabupaten,1.323,0.039,1.592,0.054,0.09,0.006,0.151,0.073,0.107,14.271,0.796,0.163
Manokwari,91,Papua Barat,Papua,Kabupaten,1.497,0.064,1.886,0.056,0.116,0.042,0.144,0.1,0.086,10.637,1.409,0.337
Manokwari Selatan,91,Papua Barat,Papua,Kabupaten,1.562,0.015,1.305,0.035,0.117,0.006,0.168,0.145,0.247,11.339,1.787,0.387
Pegunungan Arfak,91,Papua Barat,Papua,Kabupaten,1.227,0.003,0.846,0.049,0.06,0.0,0.023,0.025,0.035,2.565,1.715,0.101
Raja Ampat,92,Papua Barat Daya,Papua,Kabupaten,1.467,0.124,0.767,0.112,0.038,0.028,0.143,0.043,0.159,11.543,1.339,0.051
Sorong,92,Papua Barat Daya,Papua,Kabupaten,1.427,0.059,1.31,0.063,0.108,0.03,0.219,0.1,0.132,12.226,1.227,0.272
Sorong Selatan,92,Papua Barat Daya,Papua,Kabupaten,0.723,0.012,0.603,0.034,0.026,0.002,0.2,0.151,0.287,6.161,1.339,0.075
Maybrat,92,Papua Barat Daya,Papua,Kabupaten,1.161,0.034,1.259,0.17,0.128,0.0,0.17,0.218,0.061,7.649,0.633,0.168
Tambrauw,92,Papua Barat Daya,Papua,Kabupaten,1.254,0.015,0.88,0.061,0.06,0.02,0.161,0.17,0.181,10.053,1.019,0.187
Kota Sorong,92,Papua Barat Daya,Papua,Kota,1.505,0.046,1.815,0.055,0.135,0.06,0.158,0.064,0.113,9.041,1.414,0.233
Jayapura,94,Papua,Papua,Kabupaten,1.186,0.036,1.681,0.097,0.156,0.019,0.217,0.143,0.092,7.478,1.719,0.303
Kepulauan Yapen,94,Papua,Papua,Kabupaten,1.333,0.054,1.099,0.083,0.07,0.026,0.209,0.158,0.09,6.6,3.63,0.166
Biak Numfor,94,Papua,Papua,Kabupaten,1.456,0.028,1.09,0.054,0.075,0.017,0.142,0.059,0.056,5.745,0.95,0.143
Sarmi,94,Papua,Papua,Kabupaten,1.472,0.01,1.305,0.054,0.155,0.027,0.179,0.075,0.137,11.118,1.097,0.133
Keerom,94,Papua,Papua,Kabupaten,1.44,0.059,1.578,0.052,0.113,0.049,0.14,0.154,0.282,17.352,1.012,0.22
Waropen,94,Papua,Papua,Kabupaten,1.288,0.019,0.876,0.058,0.031,0.004,0.154,0.105,0.109,5.237,0.814,0.078
Supiori,94,Papua,Papua,Kabupaten,1.504,0.046,0.71,0.068,0.044,0.092,0.234,0.135,0.056,2.777,1.331,0.063
Mamberamo Raya,94,Papua,Papua,Kabupaten,1.031,0.0,0.325,0.036,0.039,0.02,0.301,0.039,0.517,8.006,1.11,0.0
Kota Jayapura,94,Papua,Papua,Kota,1.218,0.025,2.055,0.052,0.169,0.028,0.185,0.096,0.065,7.207,1.026,0.349
Merauke,93,Papua Selatan,Papua,Kabupaten,1.033,0.011,0.822,0.057,0.112,0.006,0.146,0.103,0.135,9.441,1.121,0.052
Boven Digoel,93,Papua Selatan,Papua,Kabupaten,1.515,0.047,1.328,0.077,0.13,0.007,0.18,0.105,0.186,10.192,1.916,0.252
Mappi,93,Papua Selatan,Papua,Kabupaten,1.002,0.013,0.725,0.031,0.036,0.0,0.105,0.03,0.088,4.421,0.785,0.051
Asmat,93,Papua Selatan,Papua,Kabupaten,0.882,0.007,0.808,0.042,0.06,0.003,0.18,0.066,0.171,7.666,2.811,0.036
Mimika,95,Papua Tengah,Papua,Kabupaten,1.281,0.029,1.674,0.038,0.195,0.016,0.152,0.111,0.076,11.836,1.747,0.32
Dogiyai,95,Papua Tengah,Papua,Kabupaten,0.997,0.003,1.111,0.092,0.108,0.0,0.048,0.164,0.075,1.942,0.982,0.05
Deiyai,95,Papua Tengah,Papua,Kabupaten,0.896,0.027,1.544,0.042,0.27,0.0,0.025,0.198,0.022,1.056,0.075,0.0
Nabire,95,Papua Tengah,Papua,Kabupaten,1.463,0.065,1.628,0.077,0.115,0.007,0.174,0.124,0.099,9.244,2.575,0.263
Paniai,95,Papua Tengah,Papua,Kabupaten,0.893,0.054,1.46,0.123,0.247,0.0,0.012,0.173,0.015,1.144,0.075,0.0
Intan Jaya,95,Papua Tengah,Papua,Kabupaten,0.922,0.006,1.457,0.118,0.215,0.0,0.031,0.224,0.014,1.385,0.037,0.0
Puncak,95,Papua Tengah,Papua,Kabupaten,0.187,0.0,1.053,0.194,0.125,0.0,0.087,0.0,0.025,5.913,2.528,0.0
Puncak Jaya,95,Papua Tengah,Papua,Kabupaten,1.202,0.001,0.6,0.269,0.175,0.001,0.139,0.191,0.155,7.976,2.076,0.009
Nduga,96,Papua Pegunungan,Papua,Kabupaten,0.407,0.0,0.264,0.056,0.016,0.0,0.051,0.168,0.151,0.303,0.211,0.007
Jayawijaya,96,Papua Pegunungan,Papua,Kabupaten,1.213,0.007,0.881,0.038,0.107,0.006,0.051,0.082,0.129,5.142,0.76,0.045
Lanny Jaya,96,Papua Pegunungan,Papua,Kabupaten,1.688,0.001,1.603,0.122,0.094,0.0,0.006,0.336,0.28,15.253,0.031,0.0
Tolikara,96,Papua Pegunungan,Papua,Kabupaten,1.138,0.0,0.473,0.063,0.066,0.0,0.052,0.097,0.02,1.629,0.062,0.0
Mamberamo Tengah,96,Papua Pegunungan,Papua,Kabupaten,0.44,0.0,0.031,0.012,0.006,0.0,0.002,0.363,0.382,2.447,0.035,0.002
Yalimo,96,Papua Pegunungan,Papua,Kabupaten,1.122,0.0,1.624,0.161,0.14,0.0,0.087,0.084,0.102,7.239,0.503,0.0
Yahukimo,96,Papua Pegunungan,Papua,Kabupaten,0.447,0.0,0.098,0.002,0.019,0.0,0.069,0.189,0.216,0.232,0.079,0.006
Pegunungan Bintang,96,Papua Pegunungan,Papua,Kabupaten,0.55,0.0,0.715,0.054,0.13,0.0,0.023,0.072,0.153,3.236,0.334,0.002
